VYL36XXM3LM,Aretha,Nelle,"P.O. Box 791, 4807 Erat Rd.",1,25254-029
ZNJ02CEK4GD,Zephania,Marsden,8493 Cras St.,2,2247 UQ
NDK75SOY7JT,Zorita,Colton,909-6916 Egestas St.,3,70517
JMQ95IKN1KR,Gemma,Jared,169-8323 Orci. Ave,4,55921
KQL77MTM3HX,Aiko,Heather,"P.O. Box 112, 4651 Vivamus Road",5,L8C 6R1
YZI20TZX4ZV,Britanni,Dean,"P.O. Box 870, 3168 Tempor Street",6,2836
IOJ59FIX7DS,Phillip,Aimee,8414 Euismod Avenue,7,5236
FHT72MSP3NC,Ifeoma,Gloria,Ap #621-4096 Mauris Rd.,8,18973
NAE03PJP6LO,Neve,Mark,938 Odio Avenue,9,29772
VAU54LUG7EJ,Carlos,Kaden,7326 Rutrum Avenue,10,06185-020
DGD39ZMW0HN,Jillian,Harrison,3096 Donec St.,11,E1 5KJ
PCF17RUC7LC,Cora,Shaine,"P.O. Box 805, 7920 Mattis St.",18,18437
ATY87YGD0WO,Lee,Sandra,345-3699 Dolor Avenue,19,E0N 3Y7
SJM11CDD7AH,Xavier,Hasad,"P.O. Box 131, 5984 Enim Rd.",20,3069
VGI11XRY0ZC,Arden,Ifeoma,600-5432 At Rd.,21,520063
BIX15HMX3NF,Madeson,Walter,5014 Orci. Avenue,22,52914-816
VPD18UUK9WU,Sade,Cynthia,"Ap #756-1454 Erat, Av.",23,DB1Z 3OF
UYO88JVT2UG,Jelani,Danielle,927-4672 In Av.,24,997584
VNM81NVP2MN,Mariko,Brooke,"758-6106 Lobortis, Avenue",25,8195 YG
CXJ91PRB6CC,Camille,Dara,265-9363 Euismod Ave,26,49818
HZG99HNJ6DC,Aline,Serina,"P.O. Box 431, 2669 Lacus. St.",27,22956-973
AHB54FLV1GR,Laith,Eagan,1434 Euismod Rd.,28,76278
QFY76JHM2JG,Sharon,Gareth,"P.O. Box 693, 1628 Rutrum Rd.",29,5147
IUS21BXZ2OK,Seth,Britanni,285-5055 Tincidunt Street,30,57349
RNA15AIR9JW,Gavin,Serena,162-1202 Taciti Road,31,34207
MTQ56RWJ1EL,Duncan,Xaviera,470-1622 Lectus St.,32,7636
QRG48III9ND,Athena,Donna,Ap #652-4660 Praesent Ave,33,J4 1SX
WFT49RWW1CJ,Stephanie,Mufutau,276-8164 Ac St.,34,8777
RHS89GPY5GB,Oleg,Kendall,3949 Vulputate Avenue,35,293714
GJG50YJA8LY,Alec,Rahim,"Ap #994-4583 Purus, Rd.",36,813721
KHC51PXD8DQ,Hanae,Preston,Ap #630-7812 At St.,37,76440
PNL45XVL4TP,Alexander,Alana,"P.O. Box 125, 8737 Hendrerit Street",38,67454
PGU46KZE0IC,Damian,Cadman,551-6148 Risus. Rd.,39,G2 3QO
XXL01UVS7WQ,Dean,Clayton,"P.O. Box 627, 9877 Netus Avenue",40,87105-394
WYS54SIC6WT,Carlos,Juliet,Ap #791-2776 Cursus St.,41,4224
ZJC31NVU9EV,Casey,Tasha,Ap #483-4185 Sit St.,42,50807
QBX36PPM1QL,Marny,Blaine,412-1476 Mauris Street,43,64232
FYF90ZGB3KD,Eaton,Marcia,614-5809 Blandit Ave,44,70358
NGM38KNL8WM,Rudyard,Rogan,"8851 Sed, Av.",45,27-293
DXA36QOA1RV,Rigel,Karleigh,315-7279 Pharetra. Road,46,31928-768
OHK59MPN2OY,Isaiah,Hammett,Ap #382-5463 Ac St.,47,4291
KCM35GAA9AD,Jonas,Timon,650-5975 Tellus. Street,48,99428
YTR76VWT1BK,Jennifer,Salvador,"P.O. Box 536, 6826 Sit Av.",49,52373
RDL40EBO8GU,Xaviera,Caleb,Ap #554-1004 Eget St.,50,51880
UGW08XSP0HK,Hiram,Chaim,Ap #124-2816 Sit Rd.,51,16823
VOK32EXE7YR,Elijah,Ruby,Ap #595-2187 Laoreet Rd.,52,65592
ARN57HYY5IQ,Hasad,Graham,6217 Dolor. Rd.,53,A7G 2B0
VOT15BKW6CZ,Destiny,Xenos,"P.O. Box 457, 615 Euismod Rd.",54,3617
QLN30YDR9ZX,Kelsie,Erin,8463 Inceptos Road,55,50417
QZX41LNC7WC,Brian,Jocelyn,"P.O. Box 703, 2209 Dolor. Rd.",56,1605
QPC73UTR6NG,Tucker,Hayden,Ap #846-1817 Odio Ave,57,5470
NDO17BFB4YV,Vivian,Ariana,"P.O. Box 403, 5076 Pellentesque Avenue",58,74768
MUL58KJP2YP,Geoffrey,Shafira,206-6078 Vitae Av.,59,94-238
ZVK83VEZ8MI,Jordan,Ima,"P.O. Box 642, 5508 Urna. Street",60,86189
HQF04GVL2ML,Wallace,Darius,2190 Nulla Road,61,614944
YJZ28YPW8SU,Talon,Aquila,5816 Eu Rd.,62,05064
DVG84YJB4GG,Jemima,Dieter,9203 Metus. Avenue,67,1710
WIM30PIW7EO,Merritt,Rebekah,Ap #998-170 Curabitur Ave,68,57100
XVQ96EZC2MK,Channing,Charissa,"459-5326 Facilisis, St.",69,49015
FPG09SOU8BX,Aimee,Brandon,"P.O. Box 350, 7444 Magna. Av.",70,9621
OYR64WKP0FY,Patrick,Demetrius,"Ap #782-9029 Pede, St.",71,69356
SOX43MPC6SN,Josephine,Dorian,853-5613 Integer Rd.,72,9446
TSY03KCC0GF,Solomon,Charles,9042 Iaculis Av.,73,92340
RFE71JHC6DZ,Athena,Whoopi,"P.O. Box 563, 4445 Pharetra St.",74,90053
QJL94QHB7BB,Calvin,Bradley,"Ap #913-1192 Est, Rd.",75,51374
LXN74QXT8LC,Martena,Denise,522-7701 Arcu. St.,76,96230
HLV22OTY5ZE,Mariam,Stacy,"P.O. Box 623, 2872 Velit. Av.",77,5177
UNH26ORI6GU,Nathan,Isaac,453-4234 Vitae Road,78,143722
VFS60FIG1DN,Kareem,Christopher,Ap #363-2313 Enim Avenue,79,21601
JIY22FJL8JU,Petra,Aristotle,Ap #592-8674 Ultrices. Rd.,80,55970
BKM81IJV0YM,Harding,Abigail,5494 Ac Rd.,81,DL7 5NQ
CZN42ANX6ML,Murphy,Nash,"P.O. Box 921, 5620 Aliquet Ave",82,9242
XXS17RND8VX,Ignatius,Regina,Ap #631-3451 Amet Ave,83,8688
KSD78BTS4SX,Olympia,Lael,680 Ullamcorper St.,84,S5Y 3A6
HFK00GKK8II,Lacy,Calvin,310-9357 Natoque St.,85,3292
WSD91OXS5DS,Madeson,Virginia,Ap #587-886 Urna Road,86,38052
ONT39VJX4JO,Jane,Mariko,"P.O. Box 693, 9440 Risus. Ave",87,6489
QWX86IGR9YS,Erich,Shaine,"P.O. Box 498, 2532 Auctor St.",88,39737-289
IQB43DLP2OG,Sonia,Nadine,1475 Tellus Rd.,89,3914 ST
GUE58DYP7ZB,Erasmus,Suki,"P.O. Box 899, 9887 Integer St.",90,995301
EJX54ZZY8BE,Brock,Oprah,9739 Praesent Ave,91,55691
VFH48BQW8HL,Irene,Michelle,Ap #789-376 Mollis St.,92,2295
PSJ06UBQ0XG,Yasir,Ezekiel,9318 A Road,93,38423-963
OPJ82UPC1PF,Sophia,Anthony,144-8662 Natoque Street,94,13057
BWN51ROQ2XK,Jeremy,Levi,"706-3683 Et, Av.",95,60899
NYU38QFY5ME,Diana,Chelsea,7981 Aliquam Av.,96,70957
DFW50JHC9ED,Karina,Uriah,Ap #313-4950 Vel Rd.,97,4169
OYQ63ALO0TE,Abraham,Wynne,891-6525 Sit Road,98,41808
TFW66UAF5JM,Nomlanga,Ignacia,498-2752 Urna. Ave,99,079447
CLV57IDA0MK,Ferris,Vance,195 Tempus Street,100,68789